--
-- DATA
--

TRUNCATE TABLE attaques CASCADE;
TRUNCATE TABLE types CASCADE;
TRUNCATE TABLE pokemons CASCADE;
TRUNCATE TABLE dresseurs CASCADE;

-- http://www.g33kmania.com/liste-pokemon-generation-1/
INSERT INTO pokemons (id, nom) VALUES
	(  7, 'Carapuce'),
	(  8, 'Carabaffe'),
	(  9, 'Tortank'),
	( 29, 'Nidoran♀'),
	( 30, 'Nidorina'),
	( 31, 'Nidoqueen'),
	( 43, 'Mystherbe'),
	( 44, 'Ortide'),
	( 54, 'Psykokwak'),
	( 55, 'Akwakwak'),
	( 60, 'Ptitard'),
	( 61, 'Tetarte'),
	( 62, 'Tartard'),
	( 72, 'Tentacool'),
	( 73, 'Tentacruel'),
	(114, 'Saquedeneu'),
	(116, 'Hypotrempe'),
	(117, 'Hypocean'),
	(130, 'Leviator'),
	(131, 'Lokhlass'),
	(134, 'Aquali'),
	(138, 'Amonita'),
	(139, 'Amonistar'),
	(144, 'Artikodin'),
	(147, 'Minidraco'),
	(148, 'Draco'),

INSERT INTO types (id, libelle) VALUES
	(  1, 'Combat'),
	(  2, 'Dragon'),
	(  3, 'Eau'),
	(  4, 'Electrique'),
	(  5, 'Feu'),
	(  6, 'Glace'),
	(  7, 'Insecte'),
	(  8, 'Normal'),
	(  9, 'Plante'),
	( 10, 'Poison'),
	( 11, 'Psy'),
	( 12, 'Roche'),
	( 13, 'Sol'),
	( 14, 'Spectre'),
	( 15, 'Vol');


INSERT INTO est_type (pokemon_id, type_id) VALUES
	(  7, 3),
	(  8, 3),
	(  9, 3),
	( 29, 10),
	( 30, 10),
	( 31, 10),
	( 31, 13),
	( 43, 9),
	( 43, 10),
	( 44, 9),
	( 44, 10),
	( 45, 9),
	( 54, 3),
	( 55, 3),
	( 60, 3),
	( 61, 3),
	( 62, 3),
	( 62, 1),
	( 72, 3),
	( 72, 10),
	( 73, 3),
	( 73, 10),
	(114, 9),
	(115, 8),
	(116, 3),
	(117, 3),
	(130, 3),
	(130, 15),
	(131, 3),
	(131, 6),
	(134, 3),
	(138, 12),
	(138, 3),
	(139, 12),
	(139, 3),
	(144, 6),
	(144, 15),
	(147, 2),
	(148, 2),
